country,port_name,port_latitude,port_longitude,distance_in_meters
PT,HORTA,38.533333,-28.633333,1122969.6735165331
PT,PRAIA DE VITORIA,38.716667,-27.05,1251334.8362936846
PT,PONTA DELGADA,37.733333,-25.666667,1313319.5020101964
PT,FUNCHAL,32.633333,-16.916667,2037061.2861075543
CA,ST JOHN'S,47.566667,-52.7,2038265.1308737972
CA,HARBOR GRACE,47.683333,-53.216667,2073400.229413474
CA,ARGENTIA,47.3,-53.983333,2080939.4424508684
CA,COME BY CHANCE HARBOR,47.8,-54.016667,2123116.3503111117
CA,CLARENVILLE,48.15,-53.95,2148494.9055743008
CA,GRAND BANK,47.1,-55.75,2161213.7102806484
CV,PORTO GRANDE,16.883333,-25.0,2225484.9641120923
CA,TWILLINGATE HARBOR,49.666667,-54.766667,2314368.7102857768
CA,LOUISBURG,45.916667,-59.966667,2340568.1401513582
CA,SPRINGDALE,49.5,-56.066667,2363933.1997561161
CA,SYDNEY,46.15,-60.2,2369550.0970743643
CA,NORTH SYDNEY,46.216667,-60.25,2376735.2451017858
CA,CANSO,45.333333,-61.0,2377304.6935615158
CA,ARICHAT,45.516667,-61.016667,2388313.5765334968
CA,PORT AUX BASQUES,47.566667,-59.133333,2391249.2151825894
CA,PORT HAWKESBURY,45.616667,-61.366667,2417534.9778495422
CA,CORNER BROOK,48.95,-57.95,2420294.8297985331
CA,STEPHENVILLE,48.533333,-58.533333,2422627.5005572969
BM,ST GEORGE'S,32.383333,-64.683333,2430253.472879346
EH,AD DAKHLA,23.7,-15.916667,2437209.2775249095
BM,IRELAND ISLAND,32.316667,-64.833333,2445215.0041500619
CA,RODDICKTON,50.866667,-56.133333,2478710.638656389
CV,PORTO DA PRAIA,14.916667,-23.516667,2495628.8412281941
CA,PICTOU,45.666667,-62.716667,2512927.509397177
CA,SOURIS HARBOUR,46.35,-62.25,2516715.5051995805
CA,HALIFAX,44.65,-63.583333,2526373.1551949619
CA,GEORGETOWN,46.183333,-62.533333,2526946.4487543995
CA,LUNENBURG,44.383333,-64.316667,2568611.303856615
CA,CHARLOTTETOWN,46.233333,-63.133333,2570364.0387086882
CA,LIVERPOOL (BROOKLYN),44.033333,-64.65,2579252.6344307098
CA,WINDSOR,45.0,-64.15,2582855.2064714674
CA,SUMMERSIDE,46.4,-63.783333,2623238.1777075115
CA,SHEDIAC,46.216667,-64.55,2667126.9620389417
CA,YARMOUTH,43.833333,-66.116667,2682498.8253109436
CA,DIGBY,44.616667,-65.766667,2685214.6811564658
CA,ST JOHN,45.266667,-66.05,2731924.006584926
PT,LISBOA,38.7,-9.166667,2740431.7739595184
MA,SAFI,32.3,-9.25,2755087.771503699
MA,AGADIR,30.433333,-9.633333,2757800.8027576888
PT,SINES,37.95,-8.866667,2760349.8110080594
CA,CARAQUET,47.8,-64.933333,2772220.6460428433
CA,CHANDLER,48.366667,-64.666667,2785109.2339343745
US,EASTPORT,44.9,-66.983333,2786258.642283421
CA,GASPE,48.833333,-64.483333,2799373.1944332463
MA,EL JORF LASFAR,33.116667,-8.616667,2801214.9220455941
PT,VIANA DO CASTELO,41.7,-8.833333,2816259.9485502155
PT,PORTO DE LEIXOES,41.183333,-8.7,2816557.0291991667
US,JONESPORT,44.533333,-67.616667,2820467.227503418
ES,VIGO,42.233333,-8.716667,2837780.9699434512
US,WYMAN,44.516667,-67.866667,2838754.4829195123
US,COREA,44.4,-67.966667,2842401.0416167234
US,FRENCHBORO,44.116667,-68.366667,2863720.9233462964
US,SOUTHWEST HARBOR,44.283333,-68.316667,2865191.5080919634
US,BASS HARBOR,44.233333,-68.35,2866135.1387456208
US,MOUNT DESERT,44.366667,-68.333333,2869146.9246414071
US,SWANS ISLAND,44.133333,-68.45,2870625.0921130124
CA,DALHOUSIE,48.066667,-66.366667,2880734.8007686548
US,ELLSWORTH,44.55,-68.416667,2881450.7354202354
MA,CASABLANCA,33.6,-7.616667,2887024.8320328481
US,STONINGTON,44.15,-68.666667,2887743.1654172037
AG,ST JOHNS,17.116667,-61.85,2889986.0550479889
US,CRIEHAVEN,43.833333,-68.883333,2894904.2873127153
US,MATINICUS,43.866667,-68.883333,2895882.1946227909
US,BUCKS HARBOR,44.333333,-68.733333,2898552.4735873104
MA,MOHAMMEDIA,33.716667,-7.4,2905497.0521696527
US,BUCKSPORT,44.566667,-68.783333,2909773.8800138193
US,BANGOR,44.8,-68.766667,2916121.3567246664
US,SEARSPORT,44.45,-68.916667,2916193.4300572542
US,WINTERPORT,44.633333,-68.85,2916973.4194921828
US,ROCKPORT,44.183333,-69.066667,2919439.1633298052
US,ROCKLAND,44.1,-69.1,2919500.2395019587
US,CAMDEN,44.216667,-69.066667,2920447.4532167828
US,BELFAST,44.416667,-69.0,2921498.3274277146
ES,HUELVA,37.25,-6.95,2926464.5043060137
SN,DAKAR,14.683333,-17.433333,2932491.8042547544
US,PEMAQUID BEACH,43.866667,-69.533333,2946219.0673936363
US,PROVINCETOWN,42.05,-70.183333,2954026.235997329
US,ROBINHOOD,43.85,-69.733333,2961278.5239437739
US,EDGARTOWN,41.383333,-70.5,2967538.1604300686
US,BATH,43.916667,-69.816667,2969592.1262333756
MA,KENITRA,34.3,-6.6,2972146.446412887
US,SOUTH HARPSWELL,43.733333,-70.016667,2980165.6360072331
ES,CADIZ,36.533333,-6.3,2984720.1138295764
US,PLYMOUTH,41.95,-70.666667,2991394.2542132931
CA,SEPT ILES,50.2,-66.383333,2994581.2523663687
CA,MATANE,48.85,-67.533333,2996531.7914884817
US,PORTLAND,43.666667,-70.25,2996636.6243423731
CA,POINTE NOIRE,50.166667,-66.483333,2998876.8498011669
US,SCITUATE,42.2,-70.716667,3000288.8300844771
US,ROCKPORT,42.666667,-70.616667,3001880.4062250066
US,GLOUCESTER,42.6,-70.666667,3004462.4639123515
US,NEW BEDFORD,41.633333,-70.916667,3006112.8945074985
US,SACO,43.5,-70.45,3008072.2674941705
ES,SEVILLA,37.366667,-6.0,3010575.9059292148
US,SALEM,42.516667,-70.883333,3020144.4786972981
US,BEVERLY,42.533333,-70.883333,3020488.3965662052
US,QUINCY,42.25,-70.966667,3021531.9961939813
US,PORTSMOUTH,43.083333,-70.75,3021806.5105303293
US,NEWBURYPORT,42.816667,-70.866667,3025156.9508198
US,FALL RIVER,41.7,-71.166667,3027776.1395392139
US,BOSTON,42.35,-71.05,3030237.4290953525
US,TIVERTON,41.633333,-71.216667,3030750.9946899028
MA,TANGER,35.783333,-5.816667,3031132.0834932448
BB,BRIDGETOWN,13.1,-59.633333,3037828.2881027451
US,NEWPORT,41.5,-71.333333,3038158.3763645031
CA,RIMOUSKI,48.45,-68.516667,3042782.9126300132
US,QUONSET POINT,41.583333,-71.4,3044997.1127367583
US,PROVIDENCE,41.8,-71.4,3048612.5842274986
VI,CRUZ BAY,18.333333,-64.8,3049533.2658580095
CA,BAIE COMEAU,49.233333,-68.133333,3054615.6052984986
VI,CHARLOTTE AMALIE,18.35,-64.933333,3059763.5082893884
ES,ALGECIRAS,36.133333,-5.433333,3063752.7877248917
GI,EUROPA POINT,36.133333,-5.35,3071229.5078378688
ES,CUETA,35.9,-5.316667,3075469.4397977409
CA,RIVIERE DU LOUP,47.833333,-69.516667,3084002.8769221553
US,NEW LONDON,41.35,-72.083333,3097823.1056015063
US,NORWICH,41.516667,-72.083333,3100258.6263292511
ES,GIJON,43.55,-5.666667,3111308.4903710424
US,ESSEX,41.35,-72.383333,3122663.6547529972
VC,KINGSTOWN,13.15,-61.233333,3149451.420321465
ES,MALAGA,36.716667,-4.416667,3152164.1984496391
PR,SAN JUAN,18.466667,-66.116667,3153447.1959038745
US,NEW HAVEN,41.233333,-72.916667,3165368.1107180375
CA,QUEBEC,46.816667,-71.216667,3165442.7064541853
GL,QAQURTOQ,60.716667,-46.05,3170617.6612857054
IE,BANTRY,51.683333,-9.45,3173447.6454215506
US,BRIDGEPORT,41.166667,-73.183333,3186727.2943100743
US,SOUTHPORT,41.133333,-73.283333,3194660.5344114024
CA,LA BAIE (PORT ALFRED),48.333333,-70.883333,3198866.2354550562
GL,NARSARSSUAQ,61.15,-45.433333,3210514.9740735088
CA,CHICOUTIMI (PORT SAGUENAY),48.433333,-71.066667,3215511.4150582305
US,STAMFORD,41.033333,-73.55,3215769.9620675929
IE,KILRUSH,52.633333,-9.5,3225370.2469092519
ES,MOTRIL,36.75,-3.516667,3232173.3394337683
IE,FOYNES,52.616667,-9.116667,3246392.5686318977
CA,TROIS RIVIERES,46.35,-72.55,3247584.2267386992
US,EDGEWATER,40.816667,-73.983333,3249818.3103076979
US,BROOKLYN,40.666667,-74.016667,3251237.6643419308
IE,COBH,51.85,-8.3,3251307.3518850245
US,TROY,42.733333,-73.7,3251376.516628948
US,NEW YORK CITY,40.7,-74.016667,3251536.6655919105
US,BARNEGAT,39.766667,-74.1,3251727.5044356049
US,HOBOKEN,40.75,-74.016667,3251992.3460223419
US,WEEHAWKEN,40.766667,-74.016667,3252146.1551389806
US,JERSEY CITY,40.716667,-74.033333,3253087.5281500164
IE,CORK,51.85,-8.266667,3253306.1400476545
US,ALBANY,42.65,-73.75,3254060.467662754
GL,GRONNEDAL (KANGILINNGUIT),61.233333,-48.1,3254227.9141761847
US,TOMPKINSVILLE SI,40.633333,-74.066667,3255148.6204942516
US,STAPLETON SI,40.633333,-74.066667,3255148.6204942516
US,CATSKILL,42.216667,-73.85,3255559.4088522973
US,POUGHKEEPSIE,41.7,-73.95,3256781.067871138
US,BAYONNE,40.683333,-74.1,3258390.8895295658
US,NEWBURGH,41.5,-74.0,3258477.8225414623
US,PORT RICHMOND SI,40.65,-74.133333,3260901.3519158438
US,KINGSTON,41.933333,-73.966667,3261173.3261930817
US,NEWARK,40.7,-74.15,3262740.4433171437
US,MARINERS HARBOR SI,40.633333,-74.166667,3263561.5525132571
US,ELIZABETHPORT,40.65,-74.183333,3265106.7791038044
US,BAYWAY,40.633333,-74.2,3266366.0266946512
US,GULFPORT SI,40.633333,-74.2,3266366.0266946512
US,CHROME,40.566667,-74.216667,3267208.9487700774
US,CARTERET,40.583333,-74.216667,3267347.3649472427
US,PORT READING,40.566667,-74.233333,3268612.820588198
US,MAURER,40.533333,-74.25,3269744.4188261186
US,SEWAREN,40.55,-74.25,3269880.13346768
US,PORT SOCONY,40.55,-74.25,3269880.13346768
US,PERTH AMBOY,40.5,-74.266667,3270881.4626051313
IE,LIMERICK,52.633333,-8.616667,3276229.4808961758
US,ATLANTIC CITY,39.366667,-74.416667,3276933.1626380114
CA,SOREL,46.05,-73.116667,3280763.4046581429
IE,GALWAY,53.266667,-9.05,3288419.7776891948
CA,MONTREAL,45.516667,-73.55,3298812.9231945518
US,TRENTON,40.2,-74.766667,3311033.2354911957
ES,PUERTO DE BILBAO,43.35,-3.05,3315047.2227209904
ES,ALMERIA,36.833333,-2.466667,3325165.6630928069
GB,PENZANCE,50.116667,-5.533333,3340540.14732997
US,PHILADELPHIA,39.95,-75.133333,3340799.7510433565
US,CAMDEN,39.95,-75.133333,3340799.7510433565
ES,BERMEO,43.416667,-2.716667,3342809.2079924271
IE,WATERFORD,52.266667,-7.116667,3344521.1989985597
US,CHESTER,39.85,-75.35,3358808.260606708
GL,PAAMUIT (FREDERIKSHAB),62.0,-49.666667,3360377.6560651669
FR,CONCARNEAU,47.866667,-3.916667,3364709.5020336686
US,SALEM NJ,39.666667,-75.483333,3369487.62368719
GB,FALMOUTH HARBOUR,50.15,-5.066667,3372651.5348156411
US,WILMINGTON,39.733333,-75.55,3375425.1354232575
ES,PUERTO DE CARBONERAS,37.0,-1.883333,3376065.8425059738
CA,CORNWALL,45.016667,-74.733333,3377186.8798917225
US,SALISBURY,38.366667,-75.6,3377932.8098585885
IE,SLIGO,54.266667,-8.466667,3380778.4209172791
IE,ROSSLARE,52.25,-6.333333,3390822.5443241373
DZ,GHAZAOUET,35.1,-1.866667,3393802.5490847849
GB,PADSTOW,50.55,-4.933333,3398550.9903123183
GB,CHARLESTOWN,50.333333,-4.75,3401246.359984281
FR,LORIENT,47.75,-3.35,3401346.3962890259
TT,POINTE A PIERRE,10.316667,-61.466667,3402911.9038506085
IE,KILLYBEGS,54.633333,-8.45,3404061.1624495345
ES,PUERTO DE PASAJES,43.333333,-1.933333,3404080.2447175574
GB,PAR,50.35,-4.7,3405232.9712031498
US,CAPE CHARLES,37.266667,-76.016667,3417838.3025486944
US,HAVRE DE GRACE,39.533333,-76.083333,3420493.3667817977
US,OGDENSBURG,44.7,-75.5,3429877.8420716953
CA,BROCKVILLE,44.583333,-75.666667,3440585.5225493116
US,ELIZABETH CITY,36.3,-76.216667,3442111.9902434107
FR,BAYONNE,43.5,-1.466667,3443974.894116987
FR,TREGUIER,48.783333,-3.233333,3444058.3034042888
GB,MILFORD HAVEN,51.716667,-5.033333,3444739.9619779368
US,NORFOLK,36.85,-76.3,3445391.8191938531
US,PORTSMOUTH,36.816667,-76.3,3445616.645692226
FR,PONTRIEUX,48.7,-3.15,3446985.9936182369
US,COLUMBIA,35.916667,-76.25,3448550.9760651384
ES,CARTAGENA,37.583333,-0.983333,3452726.0825975118
IE,DUBLIN,53.35,-6.25,3453275.4804695942
US,ALEXANDRIA BAY,44.333333,-75.916667,3455509.394416376
US,NEWPORT NEWS,36.966667,-76.433333,3456459.2994192843
CA,ROCKPORT,44.383333,-75.933333,3457717.6336159939
US,YORKTOWN,37.233333,-76.5,3460747.6840163348
GB,FISHGUARD,52.016667,-4.983333,3461975.8872233694
US,BALTIMORE,39.266667,-76.583333,3463046.930071787
US,CLAYTON,44.233333,-76.05,3464220.1169747426
US,SACKETS HARBOR,43.95,-76.116667,3464691.0155714122
US,HERTFORD,36.183333,-76.466667,3465477.2937349835
US,CHAUMONT,44.066667,-76.133333,3467943.2841210957
FR,LE LEGUE,48.533333,-2.75,3469387.0779928365
FR,ST NAZAIRE,47.283333,-2.2,3470427.8378182682
CA,GANANOQUE,44.333333,-76.166667,3475138.8279701886
GB,DARTMOUTH HARBOUR,50.35,-3.616667,3476638.6023150953
FR,DONGES,47.3,-2.066667,3480625.0968154916
US,BELHAVEN,35.616667,-76.616667,3484576.4310953659
GB,TORQUAY HARBOUR,50.466667,-3.533333,3486824.856307447
GB,LONDONDERRY,55.0,-7.316667,3487159.7256292258
US,OSWEGO,43.466667,-76.516667,3489129.8194255326
DZ,MERS EL KEBIR,35.733333,-0.7,3491935.4688605182
GB,TEIGNMOUTH HARBOUR,50.55,-3.5,3492376.5859654709
ES,ALICANTE,38.333333,-0.483333,3493885.1015219186
US,PLYMOUTH,35.866667,-76.75,3493908.7587377755
DZ,ORAN,35.7,-0.633333,3498283.5165145379
CA,KINGSTON,44.233333,-76.5,3499649.31316084
US,WASHINGTON D.C.,38.866667,-77.033333,3501954.4640569133
US,ALEXANDRIA,38.8,-77.033333,3502031.7844673619
US,MOREHEAD CITY,34.716667,-76.7,3503238.7281133323
GB,KILKEEL,54.05,-5.983333,3506507.466183682
ES,VALENCIA,39.45,-0.316667,3507245.7785096993
GB,SWANSEA,51.616667,-3.95,3508379.8901208183
FR,LE VERDON,45.55,-1.05,3513727.9508403884
FR,NANTES,47.2,-1.566667,3514448.4673938993
FR,LA PALLICE,46.166667,-1.216667,3514655.8814346264
GB,PORT TALBOT,51.583333,-3.816667,3515371.71871776
GB,SAINT PETER PORT,49.45,-2.533333,3515760.8292271555
ES,SAGUNTO,39.65,-0.216667,3516013.0860179816
GB,NEATH,51.633333,-3.833333,3516508.4397752294
SR,NIEUW NICKERIE,5.95,-57.0,3518539.4075707947
FR,LA ROCHELLE,46.15,-1.15,3519295.81848888
ES,PUERTO DE GANDIA,39.0,-0.15,3521646.0369960028
US,WASHINGTON,35.55,-77.05,3524311.22801361
FR,SAINT-MALO,48.65,-2.016667,3524757.1803926346
DZ,ARZEW,35.85,-0.3,3526608.0312110358
FR,ROCHEFORT,45.933333,-0.95,3529556.7610375192
US,NEW BERN,35.1,-77.05,3529803.2155257012
GB,COLERAINE,55.133333,-6.666667,3530081.4976918618
DZ,ARZEW EL DJEDID,35.816667,-0.25,3531451.2405359624
GB,SAINT HELIER HARBOUR,49.183333,-2.116667,3535280.3247417854
FR,BORDEAUX,44.866667,-0.566667,3537699.8338101381
US,RICHMOND,37.533333,-77.416667,3539933.7864984348
US,WARWICK,37.45,-77.416667,3540417.7071621637
GB,BELFAST,54.616667,-5.9,3542522.7289941837
CA,PICTON,44.016667,-77.133333,3546266.1834080843
GB,HOLYHEAD,53.316667,-4.633333,3546540.0825345307
GB,BANGOR,54.65,-5.666667,3557379.10677853
GB,LARNE,54.85,-5.8,3561140.9907708666
GB,PORTLAND HARBOUR,50.583333,-2.433333,3564165.4860717072
GB,BIRD PORT,51.566667,-2.966667,3568852.1286650114
GL,KANGERLUARSORUSEQ,63.7,-51.55,3570487.1728242268
US,ROCHESTER,43.266667,-77.6,3573481.9323466588
GB,AVONMOUTH,51.5,-2.716667,3582111.8869339405
FR,RADE DE CHERBOURG,49.65,-1.633333,3584384.9777801335
GB,BRISTOL,51.466667,-2.633333,3586101.1124783335
GB,DOUGLAS,54.15,-4.466667,3598663.9321041573
US,WILMINGTON,34.233333,-77.95,3624031.167595936
GL,NUUK,64.183333,-51.75,3624224.2956038774
GB,YARMOUTH HARBOUR,50.7,-1.5,3630505.4335683673
ES,TARRAGONA,41.1,1.233333,3642478.9878347926
GB,ARDRISHAIG,56.016667,-5.45,3646744.3244815432
GB,LIVERPOOL,53.416667,-3.0,3648943.36151919
GB,ROTHESAY HARBOR,55.833333,-5.05,3657551.2212463534
VE,PUERTO ORDAZ,8.35,-62.716667,3658917.3535742508
GB,ARDROSSAN,55.65,-4.816667,3659808.35202473
ES,IBIZA,38.9,1.45,3660183.553457614
IS,VESTMANNAEYJAR,63.433333,-20.283333,3660280.9911069036
GB,PORTSMOUTH HARBOUR,50.8,-1.1,3660736.1267279936
IS,KEFLAVIK,64.0,-22.55,3664795.6045387448
GB,WORKINGTON,54.566667,-3.633333,3667943.9978914061
GB,BARROW IN FURNESS,54.116667,-3.233333,3668630.2602751735
GB,OBAN,56.416667,-5.466667,3669275.5069290777
US,BUFFALO,42.883333,-78.883333,3673304.0640770416
US,TONAWANDA,43.033333,-78.883333,3674655.4056644668
CA,OSHAWA,43.866667,-78.816667,3678059.9386352096
GB,GREENOCK,55.95,-4.75,3680256.3884311705
GB,HEYSHAM,54.033333,-2.916667,3683169.1835883986
IS,HAFNARFJORDUR,64.066667,-21.95,3684243.9079476935
GB,MALLAIG,57.0,-5.816667,3686260.5104729035
IS,SKERJAFJORDUR,64.15,-22.016667,3691116.6368551482
GB,LANCASTER,54.05,-2.783333,3691821.9925700729
GB,PORTREE HARBOR,57.416667,-6.2,3692803.8018948813
IS,REYKJAVIK,64.15,-21.933333,3692905.7994234832
GB,TARBERT,57.9,-6.816667,3693545.5322117368
GB,MANCHESTER,53.483333,-2.266667,3696206.1781757381
GB,LITTLEHAMPTON HARBOUR,50.783333,-0.533333,3697887.7182673146
FR,PORT OF LE HAVRE,49.483333,0.116667,3699867.9997631274
CA,PORT COLBORNE,42.883333,-79.25,3703091.31784606
IS,GRUNDARTANGI,64.266667,-22.0,3703112.9970159163
US,DUNKIRK,42.483333,-79.333333,3706849.4330127318
CA,PORT DALHOUSIE,43.216667,-79.266667,3707348.0142603633
CA,ST CATHERINE,43.183333,-79.283333,3708389.8614634555
GB,SHOREHAM HARBOUR,50.816667,-0.25,3717962.133729897
CA,TORONTO,43.616667,-79.383333,3720612.1949200789
CA,PORT MAITLAND,42.85,-79.583333,3729923.2088904744
GB,STORNOWAY HARBOR,58.183333,-6.366667,3733412.3934250553
CA,PORT CREDIT,43.55,-79.583333,3735994.4752164911
CA,OAKVILLE,43.433333,-79.666667,3741589.2052122517
CA,THOROLD,43.083333,-79.716667,3742587.3260986921
SL,FREETOWN,8.5,-13.233333,3749394.3555559954
GB,LONDON,51.5,-0.083333,3753043.0005722609
CA,HAMILTON,43.25,-79.85,3754750.8242348395
ES,PALMA DE MALLORCA,39.566667,2.633333,3760203.7724563535
US,GEORGETOWN,33.366667,-79.283333,3761160.6756495195
FR,PORT OF ROUEN,49.45,1.066667,3765135.7835926376
GB,BURNTISLAND,56.05,-3.233333,3767732.8741563763
US,ERIE,42.15,-80.1,3767825.2950018253
GL,MANIITSOQ,65.416667,-52.916667,3772052.3915656907
CA,MIDLAND,44.75,-79.916667,3775847.9623093214
CA,PENETANGUISHENE,44.766667,-79.933333,3777365.8502904493
GB,TILBURY,51.466667,0.333333,3779204.9611679586
CA,PORT DOVER,42.783333,-80.2,3779644.6673285873
FR,DIEPPE,49.933333,1.083333,3780256.0073165228
GB,GRAVESEND,51.45,0.366667,3780814.5450620162
VE,LA GUAIRA,10.616667,-66.933333,3783752.3624007241
GB,GOOLE,53.7,-0.833333,3792581.8893700228
ES,PUERTO DE ALCUDIA,39.833333,3.133333,3802321.8939426895
FR,PORT-LA-NOUVELLE,43.016667,3.066667,3803907.0369833526
US,CONNEAUT,41.966667,-80.55,3804157.905287724
FR,PORT-VENDRES,42.516667,3.116667,3804941.0837011621
GB,DUNDEE,56.466667,-2.95,3805409.0471526943
GB,INVERGORDON,57.683333,-4.166667,3810603.0378867262
GB,WISBECH,52.666667,0.15,3811466.8195464923
GB,BOSTON,52.966667,-0.016667,3812674.1283775074
GB,SEAHAM,54.833333,-1.316667,3814700.813108705
GB,SUNDERLAND,54.916667,-1.366667,3815703.8735138481
GB,HARTLEPOOL,54.7,-1.183333,3816286.1081557125
GB,TEESPORT,54.65,-1.133333,3816912.7462999113
DZ,ALGER,36.766667,3.066667,3816985.2844382068
GB,BLYTH,55.116667,-1.5,3817487.2974331868
GB,TYNEMOUTH,55.0,-1.4,3817703.8289394695
GB,NEW HOLLAND,53.7,-0.366667,3820967.1783781578
GB,EYEMOUTH,55.866667,-2.083333,3821437.792523684
GB,FOLKESTONE HARBOUR,51.083333,1.2,3823752.5310370256
US,ASHTABULA,41.9,-80.8,3824596.3212142922
CA,MEAFORD,44.616667,-80.6,3827976.722180055
GB,KINGSTON UPON HULL,53.75,-0.283333,3828144.1752295764
GB,IMMINGHAM,53.633333,-0.2,3828356.0294705909
CW,WILLEMSTAD,12.116667,-68.933333,3829432.7243594532
GB,KING'S LYNN,52.75,0.4,3830470.3502700073
US,CHARLESTON,32.783333,-79.916667,3831178.0127167958
CW,BULLEN BAAI,12.183333,-69.033333,3832695.7930049188
GB,DOVER HARBOR,51.116667,1.333333,3833737.4723807918
GB,GRIMSBY,53.583333,-0.066667,3834454.2533940631
GB,SCARBOROUGH,54.283333,-0.4,3843912.6394328079
FR,SETE,43.4,3.7,3857786.6862610867
CA,PORT STANLEY,42.666667,-81.2,3860559.3918904085
IS,ISAFJORDUR,66.066667,-23.116667,3862976.2215167624
FR,CALAIS,50.966667,1.85,3863664.1412661779
US,FAIRPORT,41.766667,-81.3,3865651.2466014056
GB,BUCKIE HARBOR,57.683333,-2.966667,3871594.3710938348
AW,SINT NICOLAAS BAAI,12.433333,-69.916667,3887141.0419886215
GB,ABERDEEN,57.15,-2.083333,3888272.7133578537
CA,SOUTHAMPTON,44.5,-81.383333,3888554.8852421246
CA,PORT ELGIN,44.433333,-81.4,3889237.2102322183
GB,MACDUFF,57.666667,-2.5,3894645.5096627567
GB,SCRABSTER HARBOR,58.616667,-3.55,3896493.7209673063
ES,MAHON,39.883333,4.266667,3898877.6385649126
US,CLEVELAND,41.5,-81.716667,3899872.3520934586
GB,LOWESTOFT,52.483333,1.75,3906835.935257352
CA,GODERICH,43.75,-81.733333,3910156.321117539
GB,GREAT YARMOUTH,52.616667,1.733333,3910432.22817521
US,PORT ROYAL,32.366667,-80.683333,3910874.0435753646
BS,FREEPORT,26.516667,-78.783333,3911743.522288105
CA,RONDEAU,42.266667,-81.9,3916433.681585432
CA,TOBERMORY,45.266667,-81.666667,3918804.4235558966
GB,FRASERBURGH HARBOR,57.683333,-2.0,3921410.1510568648
GB,PETERHEAD,57.5,-1.783333,3922794.6903026388
IS,AKUREYRI,65.683333,-18.083333,3929404.9741133614
CU,SANTIAGO DE CUBA,20.016667,-75.833333,3932129.0480691572
US,LORAIN,41.466667,-82.183333,3938728.4539929871
BE,OOSTENDE,51.233333,2.916667,3943390.5049424274
GB,KIRKWALL,58.983333,-2.966667,3946656.099148761
FR,PORT SAINT LOUIS DU RHONE,43.383333,4.816667,3947774.38886644
CA,LITTLE CURRENT,45.983333,-81.933333,3948058.3782188995
FR,FOS,43.416667,4.883333,3953331.932355585
BR,TUTOIA,-2.783333,-42.283333,3953668.0976050231
US,SAVANNAH,32.083333,-81.083333,3954337.6927090096
IS,SIGLUFJORHURD,66.15,-18.916667,3955325.5966706541
CA,SARNIA,42.983333,-82.416667,3961099.2495824969
CA,POINT EDWARD,43.0,-82.416667,3961166.0377040966
FR,PORT-DE-BOUC,43.4,4.983333,3961313.7773111239
US,PORT HURON,43.0,-82.433333,3962520.480528879
VE,AMUAY (BAHIA DE AMUAY),11.75,-70.233333,3962752.7818785943
US,HURON,41.4,-82.55,3969305.9072898943
VE,PUNTA CARDON,11.633333,-70.233333,3971255.5617694929
FO,VESTMANNA,62.15,-7.166667,3971772.7101098429
CA,LEAMINGTON,42.033333,-82.6,3973676.0285878354
FO,TORSHAVN,62.0,-6.75,3977371.14569089
IS,HUSAVIK,66.033333,-17.333333,3980372.0050913836
FO,RUNAVIK,62.116667,-6.716667,3987091.6973189958
US,PUT IN BAY,41.65,-82.816667,3991428.0986444619
FR,MARSEILLE,43.316667,5.366667,3991880.3908832669
BE,GHENT,51.066667,3.733333,3993717.95491597
IS,NESKAUPSTADUR,65.15,-13.683333,3994537.2475432912
DZ,BEJAIA,36.75,5.083333,3995799.9711901294
IS,SEYDHISFJORDHUR,65.266667,-14.0,3995968.1739272228
FO,KLAKSVIK,62.233333,-6.583333,4000764.9204392578
US,PORT CLINTON,41.516667,-82.933333,4001184.4524135347
US,CANAVERAL HARBOR,28.7,-80.616667,4006861.0520458659
NL,TERNEUZEN,51.35,3.816667,4007200.0592912892
CA,WINDSOR,42.316667,-83.033333,4009741.0108662685
US,DETROIT,42.333333,-83.033333,4009763.9582401742
US,BRUNSWICK,31.15,-81.5,4016461.452595206
US,ROUGE RIVER,42.283333,-83.116667,4016552.4078236055
IS,VOPNAFJORDHUR,65.75,-14.833333,4016763.7387277274
US,FORT PIERCE,27.466667,-80.316667,4020663.357396286
US,PALM BEACH,26.766667,-80.05,4021040.9410594236
US,FERNANDINA BEACH,30.683333,-81.466667,4026102.061655751
BE,BRUXELLES,50.866667,4.35,4030315.3406544593
US,MAYPORT,30.4,-81.433333,4030999.322861183
BE,ANTWERPEN,51.216667,4.4,4042886.3397070556
US,TOLEDO,41.7,-83.466667,4045388.350659492
US,PORT EVERGLADES,26.1,-80.116667,4052476.9431215753
IS,RAUFARHOFN,66.45,-15.933333,4053128.4718797989
US,JACKSONVILLE,30.316667,-81.65,4053474.4466214171
NL,ROTTERDAM,51.9,4.483333,4067171.5987268477
US,MIAMI,25.783333,-80.183333,4071049.7737657763
NL,DORDRECHT,51.816667,4.65,4075929.2408755245
US,BAY CITY,43.6,-83.866667,4080728.2857058016
US,SAGINAW,43.433333,-83.933333,4085546.01953619
JM,PORT ANTONIO,18.183333,-76.45,4089029.3384911926
GB,SCALLOWAY,60.133333,-1.283333,4094539.1751670479
GB,LERWICK,60.15,-1.15,4101810.108352093
NL,ZAANDAM,52.433333,4.833333,4105422.5931636267
LR,MONROVIA,6.316667,-10.816667,4107326.1299543581
NL,AMSTERDAM,52.366667,4.9,4107884.7192378952
NL,DEN HELDER,52.966667,4.783333,4117884.4353815368
JM,OCHO RIOS,18.416667,-77.116667,4136712.5766000659
US,SAULT STE MARIE,46.5,-84.35,4138874.5936071463
CA,SAULT STE MARIE,46.516667,-84.35,4139047.1219267542
US,CHEBOYGAN,45.65,-84.466667,4140055.1049545011
FR,NICE,43.7,7.283333,4147729.6066911435
FR,VILLEFRANCHE,43.7,7.316667,4150408.5635782578
US,MACKINAC ISLAND,45.85,-84.616667,4153289.440034328
DZ,SKIKDA,36.883333,6.916667,4155979.6116929241
VE,MARACAIBO,10.633333,-71.6,4156721.7548910514
MC,MONACO,43.733333,7.416667,4158530.6732311281
US,MACKINAW CITY,45.783333,-84.716667,4160477.667415129
US,ST IGNACE,45.85,-84.716667,4161013.5344808092
NL,HARLINGEN,53.183333,5.416667,4165101.6879991768
US,PETOSKEY,45.366667,-84.966667,4176877.67812461
US,HARBOR SPRINGS,45.433333,-84.983333,4178616.6592432419
CA,MICHIPICOTEN,47.966667,-84.9,4197381.2951259222
US,CHARLEVOIX,45.316667,-85.266667,4199975.3557453426
US,TAMPA,27.916667,-82.45,4204261.3079640269
US,ST. JAMES HARBOR,45.733333,-85.516667,4222042.8044227324
US,TRAVERSE CITY,44.766667,-85.616667,4224684.9827197529
US,ST PETERSBURG,27.766667,-82.616667,4225053.944467471
US,BOCA GRANDE,26.7,-82.333333,4237217.6050191661
IT,RADA DI VADO,44.266667,8.433333,4241196.7240509437
IT,PORTO TORRES,40.833333,8.4,4244299.9961329689
IT,SAVONA,44.316667,8.5,4246628.4279358331
US,HOLLAND,42.783333,-86.133333,4263634.377781312
IT,PORTO DI ORISTANO,39.866667,8.55,4263933.21238923
IT,ORISTANO,39.866667,8.55,4263933.21238923
NL,DELFZIJL,53.333333,6.933333,4266915.1642700508
FR,PORT D' AJACCIO,41.916667,8.75,4268283.0227213847
US,SAUGATUCK,42.666667,-86.2,4269278.1813355638
US,GRAND HAVEN,43.066667,-86.233333,4271426.2324856455
US,MUSKEGON,43.233333,-86.266667,4274001.8593782336
US,KEY WEST,24.55,-81.816667,4274185.4475471564
US,FRANKFORT,44.633333,-86.25,4274254.8611911992
US,SOUTH HAVEN,42.4,-86.283333,4276709.7481743116
US,MANISTEE,44.25,-86.316667,4278648.5593843386
US,MANISTIQUE,45.95,-86.25,4280131.9114077846
US,WHITE LAKE,43.383333,-86.35,4280675.4344163295
IT,GENOVA,44.4,8.933333,4281267.7772968328
FR,L'ILE ROUSSE,42.633333,8.933333,4281271.5280339736
US,LUDINGTON,43.95,-86.45,4288883.6175396619
DE,PAPENBURG,53.1,7.383333,4289894.31660737
US,ST JOSEPH,42.116667,-86.483333,4294046.232456943
DE,LEER,53.233333,7.45,4297644.0923051387
IT,SARROCH OIL TERMINAL,39.083333,9.033333,4312831.1041073613
IT,CAGLIARI,39.216667,9.116667,4318550.5150887519
US,MICHIGAN CITY,41.733333,-86.9,4330142.718496
IT,OLBIA,40.916667,9.5,4336092.6239487249
US,GLADSTONE,45.85,-87.016667,4338850.2287310231
US,ESCANABA,45.766667,-87.05,4341050.5574700534
DE,WILHELMSHAVEN,53.533333,8.166667,4351553.1811648021
IT,LA SPEZIA,44.1,9.833333,4352596.2670636941
US,STURGEON BAY,44.833333,-87.383333,4364220.0679472918
US,GARY,41.616667,-87.333333,4366722.8950358881
DE,BRAKE,53.333333,8.483333,4367081.4086483754
US,ALGOMA,44.6,-87.433333,4367834.7080510333
IT,MARINA DI CARRARA,44.033333,10.033333,4368577.0099795712
US,KEWAUNEE,44.466667,-87.5,4372995.7239651578
US,INDIANA HARBOR,41.666667,-87.433333,4374730.14228711
US,TWO RIVERS,44.15,-87.566667,4378205.5845553437
DE,BREMERHAVEN,53.533333,8.583333,4378398.1630039085
US,APALACHICOLA,29.716667,-84.983333,4380470.3745227149
DE,BREMEN,53.133333,8.766667,4380779.8034496633
US,CALUMET HARBOR,41.733333,-87.516667,4381253.0429119673
US,MARINETTE,45.083333,-87.6,4381739.667267397
US,MENOMINEE,45.1,-87.6,4381773.9865394151
US,MANITOWOC,44.1,-87.65,4384868.8567191456
CU,BAHAI DE LA HABANA,23.133333,-82.366667,4387193.0222506551
US,CHICAGO,41.883333,-87.6,4387305.1091808854
US,SHEBOYGAN,43.75,-87.7,4389152.126866933
NO,STAVANGER,58.966667,5.75,4390816.1214558519
US,WILMETTE,42.083333,-87.683333,4393119.4800893078
DE,CUXHAVEN,53.866667,8.716667,4395172.3659487152
US,RACINE,42.733333,-87.783333,4398435.4532555752
US,OCONTO,44.9,-87.833333,4399782.1206512414
US,KENOSHA,42.583333,-87.816667,4401750.3619144252
US,WAUKEGAN,42.366667,-87.816667,4402701.330479648
US,PORT WASHINGTON,43.383333,-87.866667,4403232.5520488713
US,MILWAUKEE,43.033333,-87.883333,4405543.3138860995
US,PORT ST JOE,29.816667,-85.316667,4408196.603533606
US,GREEN BAY,44.516667,-88.016667,4413999.3259403985
US,DEPERE,44.45,-88.066667,4417964.6609435342
DE,BRUNSBUTTEL CANAL TERMINALS,53.9,9.15,4423691.5071265232
DE,BRUNSBUTTEL ELBAHAFEN,53.883333,9.166667,4424355.1643911693
NO,BERGEN,60.4,5.316667,4430573.5462259417
US,KAUKAUNA,44.283333,-88.266667,4433933.0678750733
NO,MONGSTAD,60.816667,5.033333,4435607.074169293
DE,GLUCKSTADT,53.783333,9.416667,4438003.3883116031
TN,TUNIS,36.8,10.25,4450914.7077067513
US,HOUGHTON,47.116667,-88.566667,4463796.7339364542
DE,FLENSBURG,54.8,9.433333,4464009.3759521935
DE,HAMBURG,53.55,9.933333,4466024.776747385
DK,ENSTED,55.016667,9.433333,4469615.9679189054
DK,ABENRA,55.05,9.433333,4470487.5628417945
NO,FLORO,61.6,5.033333,4472663.5106840385
NO,KRISTIANSAND,58.15,8.0,4481823.3154737791
DK,VEJLE,55.716667,9.55,4495503.9440798284
DE,KIEL,54.316667,10.133333,4496208.4637154667
LR,CAPE PALMAS,4.366667,-7.716667,4497073.878157068
DK,ASSENS,55.266667,9.883333,4503916.0144999092
DK,FREDERICIA,55.566667,9.766667,4504636.2382107107
CA,THUNDER BAY,48.4,-89.233333,4521673.5655301185
DK,MARSTAL,54.916667,10.333333,4523054.4917397527
DK,AEROSKOBING,54.883333,10.416667,4527451.2968490645
DE,NEUSTADT,54.1,10.816667,4534865.022207737
DE,LUBECK-TRAVEMUNDE,53.966667,10.883333,4536283.7609759048
TN,MERSA SFAX,34.733333,10.766667,4537763.7691699238
DK,SVENDBORG,55.066667,10.616667,4544319.5396092618
IT,PORTO DI CORSINI,44.5,12.283333,4547164.8386665536
DK,ARHUS,56.15,10.216667,4547568.895404499
DK,MARIAGER,56.65,9.983333,4547581.79207165
DE,HEILIGENHAFEN,54.366667,10.983333,4551286.3495029565
DK,ALBORG,57.05,9.933333,4556260.8991182987
IT,PORTO DI LIDO-VENEZIA,45.416667,12.433333,4557828.5950475512
DK,NYBORG,55.316667,10.8,4561715.47087122
BR,MANAUS,-3.133333,-60.016667,4564695.4927874906
US,PENSACOLA,30.4,-87.216667,4565521.7311847582
GL,UPERNAVIK,72.766667,-56.15,4577334.1539395712
DK,BANDHOLM,54.833333,11.5,4594141.5041776532
US,GRAND MARAIS,47.75,-90.333333,4599577.8662383622
DE,ROSTOCK,54.1,12.133333,4619250.6476224083
IT,MARSALA,37.783333,12.433333,4624820.3795473343
US,BAYFIELD,46.8,-90.816667,4633408.3839191338
US,ASHLAND,46.6,-90.866667,4636998.0478291828
US,WASHBURN,46.666667,-90.883333,4638332.037196287
US,MOBILE,30.683333,-88.116667,4639616.1281881193
IT,MAZARA DEL VALLO,37.65,12.583333,4640162.4440728817
US,TRI-CITY PORT,38.716667,-90.2,4640221.48397007
DK,FAKSE LADEPLADS HAVN,55.216667,12.166667,4644152.0200226046
IT,MONFALCONE,45.783333,13.55,4644452.3189769546
DK,KOGE,55.45,12.2,4651299.1784643708
NO,TONSBERG,59.283333,10.416667,4653412.7793322122
SI,KOPER,45.55,13.733333,4659030.3869396606
NO,DRAMMEN,59.733333,10.25,4659620.7950806357
NO,SLAGENSTANGEN,59.316667,10.516667,4659934.800613543
IT,TRIESTE,45.65,13.766667,4661451.4278905028
HR,BRSICA,45.033333,14.05,4685125.8776242845
US,PASCAGOULA,30.35,-88.566667,4691378.3199281693
NO,OSLO,59.916667,10.75,4692462.4548576763
SE,GOTEBORG,57.7,11.966667,4692520.7532241428
SE,HELSINGBORG,56.05,12.7,4695254.4959274866
SE,LANDSKRONA,55.866667,12.833333,4699354.3983253445
IT,PORTO DI PALERMO,38.133333,13.366667,4699659.6353496239
SE,FALKENBERG,56.9,12.5,4703111.9436807586
US,PORT OF MEMPHIS,35.066667,-90.166667,4707656.5795823187
SE,TRELLEBORG,55.366667,13.15,4708432.959902714
CI,ABIDJAN,5.25,-4.016667,4709267.5727795362
HR,RIJEKA LUKA,45.333333,14.433333,4714173.1088962909
IT,PESCARA,42.466667,14.216667,4714374.9898323314
US,BILOXI,30.383333,-88.883333,4719452.1842540083
HR,BAKAR,45.3,14.533333,4722099.2624125984
HR,OMISALJ,45.216667,14.55,4723696.2653401177
DE,SASSNITZ,54.516667,13.65,4723941.6420419505
DE,WOLGAST,54.05,13.783333,4724625.02518503
US,SUPERIOR,46.733333,-92.066667,4728586.1693017259
US,DULUTH,46.766667,-92.1,4731107.8690891722
IT,NAPOLI,40.85,14.266667,4735881.6504977709
US,GULFPORT,30.35,-89.083333,4738900.1585389739
PL,SWINOUJSCIE,53.916667,14.266667,4753815.6431029234
IT,CASTELLAMMARE DI STABIA,40.7,14.483333,4755916.96833679
IT,VASTO,42.116667,14.716667,4758732.7682376364
PL,SZCZECIN,53.416667,14.55,4765124.68682302
IT,SALERNO,40.666667,14.75,4778683.7195277717
DK,HASLE,55.183333,14.7,4801834.1897547031
US,SLIDELL,30.266667,-89.783333,4805918.6408378286
NO,TRONDHEIM,63.433333,10.4,4806507.738826883
DK,NEKSO,55.066667,15.133333,4827156.6009548306
US,MADISONVILLE,30.4,-90.15,4835302.1279668566
US,NEW ORLEANS,29.95,-90.05,4840771.9537069853
PL,KOLOBRZEG,54.216667,15.55,4841164.831815
US,GRETNA,29.916667,-90.066667,4843406.0094069336
MT,VALLETTA HARBORS,35.9,14.516667,4844769.8175166287
US,GRAND ISLE,29.233333,-90.0,4860266.7833198719
IT,MILAZZO,38.216667,15.25,4860611.5920939278
NO,DJUPVIKEN,63.783333,11.45,4868972.3497881256
IT,AUGUSTA,37.216667,15.233333,4878938.6504141316
NO,STEINKJER,64.016667,11.5,4880520.8558068555
IT,SIRACUSA,37.05,15.283333,4886779.2241676217
IT,MESSINA,38.2,15.566667,4888190.7747960528
NO,RORVIK,64.866667,11.25,4904081.259176298
GH,TAKORADI,4.883333,-1.733333,4919447.3927803254
US,BATON ROUGE,30.45,-91.183333,4928471.5930915177
HR,KORCULA,42.933333,17.133333,4946918.2975633107
IT,BARI,41.133333,16.866667,4948615.7844097707
PA,BALBOA,8.95,-79.566667,4949005.3978493651
PA,PUERTO CRISTOBAL,9.35,-79.916667,4951967.7465396021
US,MORGAN CITY,29.7,-91.216667,4956465.6064612838
NO,BERG,65.366667,12.2,4966010.689409242
IT,TARANTO,40.466667,17.2,4986742.76673685
CA,CHURCHILL,58.783333,-94.183333,4992823.9114736766
SE,VASTERAS,59.616667,16.55,4998231.2250385871
IT,CROTONE,39.083333,17.133333,5005479.4766760487
GH,TEMA,5.616667,0.016667,5006762.4605752192
HR,DUBROVNIK,42.666667,18.083333,5027228.9719899772
NO,MOSJOEN,65.833333,13.2,5027623.3179869326
PL,GDANSK,54.35,18.666667,5043931.2233203873
PL,NOWY PORT,54.416667,18.666667,5044507.9002740905
PL,PORT POLNOCHNY,54.4,18.716667,5047589.6100640446
SE,KLINTEHAMN,57.383333,18.2,5050962.217082534
BR,PORT DE SALVADOR,-12.966667,-38.516667,5068050.4252026761
SE,STOCKHOLM,59.333333,18.05,5075621.7190869031
NO,MO INLET,66.316667,14.133333,5085964.4205429368
SE,SUNDSVALL,62.383333,17.35,5106952.7052537967
NO,REINE,67.933333,13.1,5110820.00999039
HN,COXEN HOLE,16.316667,-86.55,5120914.1812488465
GL,PITUFFIK (THULE AIR BASE),76.533333,-68.866667,5123243.6383987665
US,LAKE CHARLES,30.216667,-93.25,5125499.0805171262
NO,BALLSTAD,68.066667,13.7,5139596.6812831378
BJ,COTONOU,6.35,2.433333,5155263.5153188417
AL,DURRES,41.316667,19.45,5159528.48491283
RU,KALININGRAD,54.7,20.483333,5163495.8339232635
HN,LA CEIBA,15.783333,-86.8,5173736.38183022
US,ORANGE,30.083333,-93.733333,5174279.77875494
NO,SKROVA HAVN,68.166667,14.666667,5180911.214077252
NO,BRETTESNES,68.233333,14.85,5190665.839839248
US,PORT NECHES,30.0,-93.95,5196980.9920251295
US,SABINE,29.716667,-93.866667,5199214.2251574006
US,SABINE PASS,29.733333,-93.9,5201685.3503470356
US,PORT ARTHUR,29.833333,-93.966667,5204297.7493944466
US,BEAUMONT,30.083333,-94.083333,5206298.9495908739
NO,STOKKMARKNES,68.566667,14.916667,5206765.5995681984
NG,LAGOS,6.4,3.4,5233811.3595010145
SE,RUNDVIK,63.533333,19.45,5239036.551619336
LV,VENTSPILS,57.4,21.533333,5249670.8462594608
NO,ANDENES,69.333333,16.133333,5282962.2281405916
SE,UMEA HAMN,63.7,20.35,5286397.5764373941
US,GALVESTON,29.316667,-94.783333,5297478.8687370475
FI,TAHKOLUOTO,61.633333,21.4,5298234.7047329545
FI,MANTYLUOTO,61.6,21.483333,5302023.03230188
US,BAYTOWN,29.733333,-95.016667,5303938.63305181
US,TEXAS CITY,29.383333,-94.916667,5307300.5187638942
FI,KRISTINESTAD,62.283333,21.4,5309685.2770759314
FI,NAANTALI,60.466667,22.016667,5313028.6785760131
GR,PREVEZA,38.95,20.75,5315217.0515472768
FI,PORI,61.483333,21.8,5316696.9356422219
US,NORSWORTHY,29.733333,-95.2,5320710.968113631
US,PASADENA,29.716667,-95.216667,5322829.1722271806
US,SINCO,29.716667,-95.233333,5324353.740478809
US,HOUSTON,29.75,-95.283333,5327739.5465315739
GR,ASTAKOS,38.483333,21.1,5355687.5521068526
US,FREEPORT,28.95,-95.333333,5361317.85702971
GR,KATAKOLON,37.65,21.316667,5394525.5549241491
NO,TROMSO,69.65,18.966667,5398742.1993914982
SV,LA UNION,13.333333,-87.833333,5409721.1729455981
SE,LULEA,65.583333,22.166667,5413362.3901239522
GR,PATRAI,38.25,21.733333,5415213.0287226234
FI,KOKKOLA,63.85,23.016667,5418268.8202075139
MX,CAYO ARCAS TERMINAL,20.166667,-91.983333,5427089.6563937236
US,PALACIOS,28.683333,-96.216667,5452337.3841342377
US,PORT OCONNOR,28.45,-96.4,5478004.5324256895
GR,KALAMATA,37.016667,22.116667,5479772.3779026791
GR,VOLOS,39.366667,22.95,5491067.1784823406
GR,ACHLADI,38.9,22.816667,5491128.67542119
US,PORT LAVACA,28.616667,-96.616667,5491566.7190946238
NG,WARRI,5.516667,5.733333,5495733.2409014432
EC,ESMERALDAS,1.0,-79.65,5536494.6968779387
US,ROCKPORT,28.016667,-97.05,5554428.1982169645
US,PORT ARANSAS,27.833333,-97.05,5561592.2885504086
US,PORT INGLESIDE,27.816667,-97.183333,5574514.3354572048
GR,KAVALA,40.933333,24.4,5575001.14291499
GR,ELEVSIS,38.033333,23.55,5575371.2925279662
GR,PERAMA,37.966667,23.566667,5578559.5428981595
SV,ACAJUTLA OFFSHORE TERMINAL,13.583333,-89.866667,5582323.8956811447
FI,KOTKA,60.466667,26.966667,5583270.0981262745
GR,PIRAIEVS,37.933333,23.65,5586542.1476945346
US,CORPUS CHRISTI,27.816667,-97.4,5594445.8583157323
FI,HAMINA,60.566667,27.2,5596538.7529638847
US,PORT ISABEL,26.083333,-97.2,5646247.293543661
NG,PORT HARCOURT,4.766667,7.0,5657221.8708722889
US,BROWNSVILLE,25.95,-97.4,5670341.1618118528
NG,BONNY,4.45,7.166667,5693753.9982323656
GR,LIMIN SIROU,37.433333,24.95,5711174.1268966179
GR,RETHIMNON,35.366667,24.466667,5731240.6547699
TR,CANAKKALE,40.15,26.4,5758986.0824221168
RO,BRAILA,45.25,27.983333,5767998.3904347373
EC,MANTA,-0.95,-80.716667,5772420.0816174261
BG,BURGAS,42.483333,27.483333,5789335.810842976
LY,MERSA TOBRUQ,32.083333,23.983333,5797909.55770136
GR,MITILINI,39.1,26.566667,5800950.4215944884
BG,VARNA,43.183333,27.966667,5811481.759131209
EC,PUERTO MARITIMO DE GUAYAQUIL,-2.283333,-79.9,5812646.6456726473
TR,TEKIRDAG,40.983333,27.516667,5829151.8676363546
UA,IZMAYIL,45.333333,28.85,5832900.8702246891
TR,ALIAGA,38.833333,26.933333,5839085.9321433874
TR,NEMRUT LIMANI BAY,38.766667,26.916667,5839578.5878167655
RO,CONSTANTA,44.166667,28.65,5842821.118295162
TR,BOTAS NATURAL GAS TERMINAL,41.0,27.983333,5866795.401906942
TR,IZMIR,38.433333,27.133333,5867336.9815604286
MX,TAMPICO,22.216667,-97.866667,5879595.447376119
GQ,LUBA,3.5,8.566667,5880888.1362821413
GQ,MALABO,3.75,8.783333,5882085.3267853474
RU,VITINO,67.083333,32.316667,5883409.4171588523
TR,KUSADASI,37.866667,27.25,5893872.1461090986
RO,SULINA,45.166667,29.666667,5899216.27184459
CM,DOUALA,4.05,9.683333,5939296.9845602969
TR,ISTANBUL,41.016667,28.966667,5946439.8342827754
UA,ILLICHIVSK,46.3,30.65,5949074.6231526434
TR,HAYDARPASA,41.0,29.016667,5950961.4875783036
UA,ODESA,46.483333,30.733333,5951359.1418609694
TR,MUDANYA,40.383333,28.883333,5957109.9050270729
TR,BORUSAN FERTILIZER JETTY,40.416667,29.1,5973928.030607461
TR,KABA BURNU,40.766667,29.533333,5999488.6391758192
GR,RODHOS,36.45,28.233333,6021771.5975205079
TR,AKSAZ LIMANI,36.833333,28.383333,6022158.54285649
TR,DERINCE BURNU,40.75,29.816667,6023041.2817651657
TR,IZMIT,40.766667,29.916667,6030710.4409415731
PE,TALARA,-4.583333,-81.283333,6102861.7350128265
TR,EREGLI,41.3,31.45,6139523.6638800623
BR,DTSE / GEGUA OIL TERMINAL,-22.816667,-43.15,6181323.6613585167
BR,RIO DE JANEIRO,-22.9,-43.166667,6190696.0428177947
GA,PORT GENTIL,-0.7,8.8,6202335.6133349994
UA,SEVASTOPOL,44.616667,33.533333,6209750.427425337
TR,ANTALYA,36.833333,30.616667,6211909.9917928241
RU,SEVERODVINSK,64.566667,39.783333,6229260.7059370521
PE,SALAVERRY,-8.233333,-78.983333,6229562.9812955307
RU,ARKHANGELS'K,64.533333,40.533333,6265288.9826745158
PE,PUERTO DE CHIMBOTE,-9.083333,-78.616667,6274867.3544958038
TR,INEBOLU,41.983333,33.766667,6304408.4978118036
BR,SANTOS,-23.95,-46.3,6340711.6579783075
UA,FEODOSIYA,45.016667,35.433333,6343513.2900655717
EG,AL ISKANDARIYH (ALEXANDRIA),31.166667,29.833333,6353501.88538825
UA,BERDYANSK,46.75,36.783333,6394814.8510298673
UA,KERCH,45.35,36.483333,6413135.6299855029
PE,PUERTO DEL CALLAO,-12.05,-77.15,6428428.3870688444
RU,TEMRYUK,45.35,37.35,6478322.0794235691
CY,KYRENIA,35.35,33.333333,6496172.5099243168
CY,LIMASSOL,34.666667,33.05,6497899.1653673779
TR,TASUCU,36.316667,33.883333,6506647.3001801884
RU,NOVOROSSIYSK,44.716667,37.783333,6530779.5680382354
TR,SAMSUN,41.3,36.35,6531889.1552106477
CY,LARNACA,34.916667,33.65,6539736.9843783677
CY,DHEKELIA,34.966667,33.716667,6543516.8078880021
BR,PARANAGUA,-25.5,-48.516667,6544742.7305373168
TR,MERSIN,36.8,34.633333,6551795.39913511
EG,BUR SAID (PORT SAID),31.266667,32.3,6567816.2431573905
RU,AZOV,47.1,39.433333,6578306.0975412969
RU,ROSTOV-NA-DONU,47.166667,39.716667,6596796.1869822191
CL,RADA DE ARICA,-18.466667,-70.333333,6600836.0834034756
MX,MAZATLAN,23.2,-106.416667,6627732.8305610511
MX,MANZANILLO,19.05,-104.316667,6637127.0192133514
EG,AS SUWAYS,29.966667,32.55,6644550.9101501526
RU,TUAPSE,44.1,39.066667,6648415.8175435308
TR,ORDU,41.0,37.883333,6664253.08695261
TR,YAKACIK,36.716667,36.183333,6684764.7865447057
TR,ISKENDERUN,36.6,36.166667,6687876.0994492229
SY,AL LADHIQIYAH,35.533333,35.766667,6695846.8294424815
TR,GIRESUN,40.933333,38.4,6707692.5647066571
SY,BANIYAS,35.183333,35.95,6725253.093878095
PY,PUERTO DE ASUNCION,-25.266667,-57.683333,6742644.1487471312
LB,TARABULUS,34.45,35.833333,6744788.1514330115
CG,POINTE NOIRE,-4.783333,11.833333,6755652.8311029915
CL,IQUIQUE,-20.2,-70.166667,6757899.1431239834
CA,TUKTOYAKTUK,69.45,-133.0,6799711.3379295412
TR,TRABZON,41.016667,39.766667,6812826.7124303151
IL,ELAT,29.55,34.95,6875863.2409972111
JO,AL AQABAH,29.516667,35.0,6881778.4659689637
US,BELLINGHAM,48.75,-122.5,6924634.37649821
TR,HOPA,41.416667,41.4,6925896.6482223971
CA,PORT MOODY,49.283333,-122.883333,6931871.5830866722
US,EVERETT,48.0,-122.216667,6932007.9082458559
US,BLAINE,49.0,-122.75,6932911.6180656953
CA,FRASER MILLS,49.216667,-122.866667,6933128.7060953816
US,SEMIAHMOO,48.983333,-122.766667,6934663.762400764
CD,BOMA,-5.85,13.05,6935128.1504466431
CA,SQUAMISH,49.683333,-123.15,6935707.1057066377
CA,NEW WESTMINSTER,49.2,-122.916667,6937165.7799241291
US,MUKILTEO,47.95,-122.3,6939691.2947110655
US,ANACORTES,48.516667,-122.616667,6941189.7008622121
US,THE DALLES,45.6,-121.183333,6946355.4375897143
CA,VANCOUVER,49.283333,-123.116667,6947877.4144383995
US,EDWARDS POINT,47.8,-122.4,6952231.2449912578
US,POINT WELLS,47.783333,-122.4,6952844.4045427283
US,SEATTLE,47.6,-122.333333,6954890.4562842678
US,ORCAS,48.6,-122.933333,6960156.7557520149
US,PORT TOWNSEND,48.116667,-122.75,6965155.6235112548
CD,MATADI,-5.816667,13.45,6965757.7485637963
US,FRIDAY HARBOR,48.533333,-123.016667,6968394.5494592078
US,TACOMA,47.283333,-122.416667,6972539.0778413359
US,ROCHE  HARBOR,48.616667,-123.166667,6975731.3800252164
US,BREMERTON,47.566667,-122.65,6978517.9294528319
CA,CAMPBELL RIVER,50.016667,-124.233333,6996932.985996007
CA,VICTORIA HARBOR,48.433333,-123.383333,6997580.7087235153
CA,ESQUIMALT HARBOR,48.433333,-123.433333,7001054.8725480214
CA,COWICHAN BAY,48.75,-123.616667,7001917.9651800627
CA,CHEMAINUS,48.933333,-123.716667,7001969.22739006
CA,NANAIMO,49.166667,-123.933333,7008133.8608393483
US,PORT ANGELES,48.116667,-123.433333,7012945.0362998685
US,OLYMPIA,47.05,-122.9,7015703.1843225174
CA,POWELL RIVER,49.866667,-124.533333,7022744.8586104987
CA,WESTVIEW,49.833333,-124.516667,7022868.3346745512
US,SHELTON,47.216667,-123.1,7023577.1655816743
US,LONGVIEW,46.133333,-122.933333,7053316.332444394
US,ST HELENS,45.866667,-122.8,7054034.7374608554
US,VANCOUVER,45.633333,-122.683333,7054645.6890804553
US,RAINIER,46.083333,-122.933333,7055259.2328769937
CA,COMOX HARBOR,49.666667,-124.916667,7056192.9690749487
US,PORTLAND,45.516667,-122.666667,7057984.7754326072
CA,PORT ALBERNI,49.233333,-124.816667,7065960.5441581067
US,ABERDEEN,46.983333,-123.816667,7083456.27209129
US,WESTPORT,46.133333,-123.383333,7085779.2591629326
US,RAYMOND,46.683333,-123.733333,7089274.4921726221
BR,PORTO ALEGRE,-30.033333,-51.233333,7089656.246256697
US,HOQUIAM,46.966667,-123.9,7090026.4360487927
US,WILLAPA HARBOR,46.683333,-123.75,7090464.0219041975
US,SOUTH BEND,46.666667,-123.783333,7093497.9516916312
US,LA PUSH,47.9,-124.633333,7105037.0075734081
US,TONGUE POINT,46.2,-123.75,7109541.2711757924
US,ASTORIA,46.2,-123.833333,7115531.7592567969
CA,KEMANO BAY,53.483333,-128.133333,7118100.9370755227
CA,UCLUELET,48.95,-125.55,7127004.1749726068
US,ILWACO,46.3,-124.05,7127102.042053326
CA,KITIMAT,54.0,-128.683333,7131841.70667352
CA,GOLD RIVER,49.683333,-126.116667,7136470.9788222443
MX,ENSENADA,31.866667,-116.633333,7146340.1099189734
US,SAN DIEGO,32.716667,-117.183333,7155510.5536753852
AO,LUANDA,-8.8,13.25,7171816.6846483061
US,NEWPORT BEACH,33.616667,-117.9,7176468.6442584656
CA,PORT HARDY,50.716667,-127.483333,7186063.0861350261
US,DEPOE BAY,44.8,-124.066667,7189110.9857795071
US,LONG BEACH,33.766667,-118.183333,7193804.7718581259
US,NEWPORT,44.633333,-124.05,7194754.7774674017
CA,PORT ALICE,50.383333,-127.45,7197333.7863792153
CA,COAL HARBOR,50.6,-127.583333,7197342.769591772
US,LOS ANGELES,33.75,-118.25,7200193.6201043343
CA,PRINCE RUPERT,54.316667,-130.333333,7219383.4466859773
US,CUSHMAN,43.983333,-124.066667,7222975.28067498
US,GLENADA,43.966667,-124.116667,7227379.5336709758
US,FLORENCE,43.966667,-124.116667,7227379.5336709758
US,ISTHMUS COVE,33.45,-118.5,7234835.8982667308
US,REEDSPORT,43.7,-124.1,7237326.8644205993
US,WINCHESTER BAY,43.683333,-124.183333,7244229.9469035631
US,SACRAMENTO,38.583333,-121.5,7255159.3984105159
US,KETCHIKAN,55.333333,-131.65,7255529.9556875238
US,WILSON COVE,33.0,-118.55,7259441.790621
US,COOS BAY,43.366667,-124.216667,7260102.94728168
US,PORT HUENEME,34.15,-119.2,7262448.03637238
US,EMPIRE,43.4,-124.283333,7263668.27713648
US,STOCKTON,37.95,-121.3,7266758.7509717271
US,PETERSBURG,56.816667,-132.95,7267617.3444940541
US,COURTLAND,38.333333,-121.566667,7271408.1344084907
US,WALNUT GROVE,38.233333,-121.516667,7271774.1477698479
US,ISLETON,38.166667,-121.6,7281389.39465031
US,JUNEAU,58.3,-134.416667,7284717.7734314417
US,SANTA BARBARA,34.416667,-119.683333,7291010.9595353305
US,PORT ORFORD,42.733333,-124.5,7308455.2521771416
US,PITTSBURG,38.033333,-121.883333,7310028.1782065928
US,HAWK INLET,58.116667,-134.75,7310675.30204398
US,CRESCENT CITY,41.75,-124.2,7328384.3035582826
US,HYDABURG,55.2,-132.833333,7330442.3146642577
US,BENICIA,38.05,-122.15,7330702.8863722049
US,CROCKETT,38.05,-122.216667,7336052.7252455987
US,CRAIG,55.466667,-133.15,7337230.3517587166
US,SOUTH VALLEJO,38.083333,-122.25,7337242.4970812211
US,MARE ISLAND,38.1,-122.266667,7337836.8761461629
US,OLEUM,38.05,-122.266667,7340064.2352535091
CA,MASSET HARBOR,54.016667,-132.15,7341444.1858482836
US,PORT SAN LUIS,35.166667,-120.75,7345990.2468968173
US,CHATHAM,57.516667,-134.933333,7347183.28631789
US,HOONAH,58.116667,-135.45,7348372.5335410228
US,ALAMEDA,37.783333,-122.266667,7351974.05054257
US,POINT RICHMOND,37.916667,-122.366667,7354044.7876087492
US,OAKLAND,37.816667,-122.333333,7355843.0899100695
US,REDWOOD CITY,37.533333,-122.2,7357808.25073443
US,YERBABUENA ISLAND,37.816667,-122.366667,7358522.9849185953
US,SAN FRANCISCO,37.816667,-122.416667,7362542.1386095891
US,SAUSALITO,37.85,-122.483333,7366403.0377681525
US,SAMOA,40.816667,-124.183333,7368115.735034531
US,EUREKA,40.8,-124.183333,7368853.6817909256
US,SITKA,57.05,-135.333333,7390172.6225757664
US,PELICAN,57.966667,-136.233333,7397267.3498850083
AR,CONCORDIA,-31.4,-58.033333,7401897.5934297377
SA,KING FAHD PORT,23.95,38.216667,7434669.6057812767
US,YAKUTAT,59.55,-139.733333,7503859.8914096011
AR,SANTA FE,-31.65,-60.7,7509773.7322257757
AR,PARANA,-31.716667,-60.533333,7511380.9901793487
AR,CONCEPCION DEL URUGUAY,-32.483333,-58.233333,7522392.139981267
SD,PORT SUDAN,19.6,37.233333,7568370.1527133677
AO,NAMIBE,-15.2,12.15,7580240.1150314827
AR,PUERTO SAN MARTIN,-32.716667,-60.733333,7622367.0004422385
AR,SAN LORENZO,-32.75,-60.733333,7625853.4674183782
AR,ROSARIO,-32.95,-60.633333,7643618.5950202271
AR,SAN NICOLAS,-33.333333,-60.233333,7671339.95765985
AR,CAMPANA,-34.15,-58.966667,7719693.4602506859
UY,MONTEVIDEO,-34.9,-56.216667,7726110.190930116
US,CORDOVA,60.55,-145.766667,7744491.6405367535
AR,BUENOS AIRES,-34.6,-58.366667,7750418.6000114959
CL,COQUIMBO,-29.95,-71.333333,7759162.6067696642
AR,LA PLATA,-34.833333,-57.883333,7761994.3409980331
CL,BAHIA HERRADURA GUAYACAN,-29.966667,-71.366667,7762339.0234192442
US,ANCHORAGE,61.216667,-149.9,7893858.49872611
US,SEWARD,60.1,-149.433333,7941820.06003462
IR,KHORRAMSHAHR,30.433333,48.183333,7983390.7439120533
RU,IGARKA,67.483333,86.6,7989976.9878081558
KW,MINA AL AHMADI,29.066667,48.166667,8053054.1967953872
IR,BANDAR KHOMEYNI,30.433333,49.083333,8059672.3354979372
US,HOMER,59.6,-151.416667,8064555.7111956142
CL,BAHIA DE VALPARAISO,-33.033333,-71.616667,8072554.684473455
US,SELDOVIA,59.433333,-151.733333,8089867.22332809
AR,MAR DEL PLATA,-38.033333,-57.533333,8093499.349744698
SA,RAS AL KHAFJI,28.433333,48.583333,8122161.83307953
CL,PUERTO SAN ANTONIO,-33.583333,-71.616667,8126239.5756717352
AR,QUEQUEN,-38.583333,-58.7,8181750.2698178934
SA,JIZAN,16.9,42.483333,8198734.7995587746
US,KODIAK,57.783333,-152.4,8229363.8178649209
US,WOMENS BAY,57.716667,-152.516667,8239343.9921876155
US,DRY SPRUCE BAY,57.933333,-153.033333,8249333.8898844365
US,NOME,64.5,-165.416667,8268041.725399727
SA,AL JUBAYL,27.083333,49.666667,8287835.4385894248
AR,BAHIA BLANCA,-38.783333,-62.266667,8303344.8822436519
AR,PUERTO INGENIERO WHITE,-38.8,-62.266667,8305081.569725221
AR,PUERTO BELGRANO,-38.883333,-62.1,8308747.1522320136
US,KOTLIK,63.033333,-163.55,8318028.2174701514
SA,DAMMAM,26.5,50.2,8365729.4360470269
NA,WALVIS BAY,-22.95,14.5,8368534.70818206
BH,AL MANAMAH,26.233333,50.583333,8413572.93756117
BH,MINA SALMAN,26.2,50.633333,8419740.9781821612
BH,SITRAH,26.166667,50.666667,8424465.2638394162
ER,ASSAB,13.0,42.75,8442635.529756166
CL,TALCAHUANO,-36.7,-73.1,8494772.44623587
CL,BAHIA SAN VICENTE,-36.733333,-73.166667,8500914.872660296
RU,PROVIDENIYA,64.416667,-173.233333,8522317.8867986538
QA,DOHA,25.283333,51.533333,8548684.55406685
DJ,DJIBOUTI,11.6,43.133333,8558480.69191014
QA,UMM SAID,24.916667,51.566667,8572076.0321847219
YE,ADEN,12.783333,44.95,8659522.653644586
AE,JABAL AZ ZANNAH/RUWAYS,24.2,52.7,8711273.43649087
US,PORT MOLLER,55.983333,-160.566667,8737945.0105621032
US,SAND POINT,55.333333,-160.533333,8785858.1466345768
AR,PUERTO MADRYN,-42.766667,-65.033333,8800655.0969643425
CL,BAHIA DE VALDIVIA,-39.8,-73.25,8802065.52905925
IR,BANDAR-E SHAHID REAJIE,27.1,56.066667,8834319.6941467822
AE,ABU ZABY,24.5,54.333333,8836047.2519568373
AE,MINA JABAL ALI,25.016667,55.05,8868104.1984500811
AE,ASH SHARIQAH,25.416667,55.366667,8872164.0054867
AE,DUBAYY,25.266667,55.3,8875129.0036949571
US,KING COVE,55.05,-162.316667,8889284.40123512
YE,AL MUKALLA,14.516667,49.116667,8944617.0587116815
CL,PUERTO MONTT,-41.483333,-72.966667,8954350.2649630141
AE,KHAWR FAKKAN,25.35,56.383333,8963072.05414057
AE,FUJAYRAH HARBOR,25.166667,56.333333,8969522.0211217329
KE,MOMBASA,-4.066667,39.666667,9169773.2868580632
US,DUTCH HARBOR,53.9,-166.533333,9170066.035757957
US,UNALASKA,53.866667,-166.533333,9172813.8413375355
AR,COMODORO RIVADAVIA,-45.866667,-67.466667,9193726.5090978537
OM,MINA AL FAHL,23.633333,58.516667,9247463.8921729513
OM,MINA RAYSUT,16.933333,54.016667,9249614.6775401812
TZ,ZANZIBAR,-6.166667,39.183333,9255264.204530241
TZ,DAR ES SALAAM,-6.816667,39.3,9306354.0083606578
IR,CHAH BAHAR,25.266667,60.616667,9326929.2222914621
AR,PUERTO DESEADO,-47.75,-65.9,9338407.3289233129
ZA,SALDANHA BAY,-33.033333,17.966667,9406485.75443417
ZA,CAPE TOWN,-33.916667,18.416667,9505384.9324179273
MZ,BEIRA,-19.833333,34.833333,9741984.89291095
US,ADAK NAVAL AIR STATION,51.866667,-176.633333,9766604.18001098
ZA,MOSSEL BAY,-34.183333,22.15,9774569.5739015769
AR,PUERTO GALLEGOS,-51.616667,-68.966667,9820796.06860069
PK,KARACHI,24.783333,66.983333,9885856.7415688839
PK,MUHAMAMAD BIN QASIM,24.766667,67.35,9916940.6756792273
MZ,MAPUTO,-25.966667,32.583333,9963187.6147414446
ZA,PORT ELIZABETH,-33.966667,25.616667,9997357.98110475
AR,RIO GRANDE,-53.783333,-67.683333,10003829.916446768
CL,RADA PUNTA ARENAS,-53.166667,-70.9,10033121.905299768
ZA,EAST LONDON,-33.033333,27.916667,10094112.11932525
ZA,DURBAN,-29.866667,31.066667,10108376.340284353
ZA,RICHARDS BAY,-28.816667,32.083333,10115405.777395142
AR,USHUAIA,-54.816667,-68.3,10125009.995051606
KM,DZAOUDZI,-12.783333,45.25,10216283.275170293
IN,MUNDRA,22.733333,69.7,10243624.792100428
IN,BHAVNAGAR,21.766667,72.233333,10516037.624840591
MG,ANTSOHIM BONDRONA,-13.083333,48.833333,10561093.918358244
IN,MUMBAI (BOMBAY),18.966667,72.866667,10759431.546334105
IN,JAWAHARLAL NEHRU PORT (NHAVA SHIVA),18.95,72.95,10767482.495473564
MG,TOAMASINA,-18.166667,49.416667,10914107.782289756
IN,MARMAGAO,15.433333,73.8,11079058.250358736
US,BARBER'S POINT,21.316667,-158.116667,11221770.328678198
IN,NEW MANGALORE,12.916667,74.816667,11337383.218502644
RU,VLADIVOSTOK,43.116667,131.9,11540424.437225712
JP,OTARU KO,43.2,141.016667,11585259.032564405
RU,NAKHODKA,42.8,132.883333,11586065.777268194
RU,VOSTOCHNYY,42.75,133.083333,11593631.850023579
RE,PORT EST,-20.933333,55.316667,11602555.164682822
JP,KUSHIRO KO,42.983333,144.366667,11603570.879921855
CN,YINGKOU,40.683333,122.233333,11633410.481999526
CN,QINHUANGDAO,39.933333,119.616667,11645628.515234336
IN,KOCHI (COCHIN),9.966667,76.233333,11660528.013851555
CN,DAGU TANGGU,38.966667,117.666667,11690652.191152785
CN,TIANJIN XIN GANG,38.966667,117.833333,11695675.316857815
JP,HAKODATE KO,41.783333,140.716667,11742621.877190957
MU,PORT LOUIS,-20.15,57.5,11756902.775336746
IN,CHENNAI (MADRAS),13.1,80.3,11786960.708249817
MV,MALE,4.166667,73.5,11804729.759968689
IN,KARAIKAL PORT,10.833333,79.866667,11911405.930447027
BD,CHITTAGONG,22.316667,91.816667,11959963.240945933
JP,OFUNATO,39.05,141.733333,12046636.573626367
JP,SAKATA KO,38.933333,139.816667,12058276.306602381
KR,INCHON,37.466667,126.616667,12075589.172112273
JP,EASTERN PART OF NIIGATA-KO,38.016667,139.233333,12158770.023071481
LK,COLOMBO,6.95,79.85,12180477.0242793
CN,LIANYUNGANG,34.733333,119.45,12187240.818516027
KR,KUNSAN,35.983333,126.616667,12236254.590734093
JP,NAOETSU KO,37.183333,138.25,12247903.975533698
KR,ULSAN,35.45,129.4,12346202.84894562
KR,MOKPO,34.783333,126.383333,12361256.839789443
KR,PUSAN,35.1,129.033333,12378128.403182702
KR,GWANGYANG HANG,34.85,127.8,12382707.728460073
JP,SAKAI KO,35.55,133.25,12389736.050763939
KR,YOSU,34.733333,127.75,12394421.300526384
JP,TSURUGA KO,35.65,136.066667,12405317.595514588
JP,MAIZURU KO,35.516667,135.333333,12414228.956994258
JP,TOKYO KO,35.666667,139.75,12421272.455842216
JP,CHIBA KO,35.583333,140.066667,12431164.125591692
JP,KAWASAKI KO,35.5,139.766667,12439836.167025721
CN,NANJING,32.083333,118.75,12442205.535867846
JP,YOKOHAMA KO,35.45,139.583333,12444968.33217774
JP,YOKOSUKA KO,35.283333,139.666667,12463694.312218757
JP,AIOI,34.783333,134.466667,12487381.546143914
JP,HAGI KO,34.416667,131.4,12490625.435190536
JP,AMAGASAKI,34.7,135.383333,12505063.830244372
CN,NANTONG,32.0,120.8,12515429.750526024
JP,KURE,34.233333,132.55,12526377.135413166
JP,IWAKUNI KO,34.183333,132.25,12527988.027159132
JP,SHIMODA KO,34.666667,138.95,12530168.310346458
JP,KANOKAWA KO,34.183333,132.433333,12530383.708380278
JP,SAKAIDE KO,34.333333,133.85,12530701.459674314
JP,MOJI KO,33.95,130.966667,12535465.59045615
JP,SHIMONOSEKI,33.933333,130.933333,12536789.506026695
JP,TONDA,34.033333,131.75,12537696.257769559
JP,TOKUYAMA,34.033333,131.816667,12538623.457628902
JP,WAKAMATSU KO,33.9,130.816667,12538666.745561549
JP,KOKURA KO,33.883333,130.883333,12541513.482806066
JP,KUDAMATSU,34.0,131.866667,12542979.392731935
CN,ANKINGCHENG,30.516667,117.033333,12545590.965816574
JP,KANDA,33.783333,131.016667,12554503.447037077
JP,WAKAYAMA-SHIMOTSU KO,34.2,135.133333,12558203.707171688
JP,IMARI,33.283333,129.883333,12591173.927736962
JP,BEPPU,33.316667,131.516667,12613121.354286058
CN,SHANGHAI,31.216667,121.5,12618985.348262809
JP,OITA KO,33.25,131.666667,12622603.02835216
PF,PAPEETE,-17.533333,-149.583333,12971312.162743999
CN,FANG-CHENG,21.75,108.35,13030455.110536331
VN,HON GAI,20.95,107.066667,13036580.332001759
CN,GUANGZHOU,23.116667,113.233333,13139720.33888028
CN,HUANGPU,23.083333,113.416667,13151440.60889985
CN,HUANGPUXINGANG,23.05,113.5,13158565.256131694
CN,QUANZHOU,24.883333,118.6,13184334.039330043
CN,ZHANJIANG,21.2,110.4,13190171.660428803
CN,SHEKOU,22.466667,113.866667,13233383.18843618
HK,HONG KONG,22.266667,114.2,13268478.737968609
TW,CHI-LUNG,25.133333,121.766667,13268891.512830682
TH,BANGKOK,13.75,100.5,13279898.182499344
CN,CHIWAN,19.966667,110.033333,13290145.900356539
TH,SI RACHA TERMINAL,13.116667,100.883333,13360680.760194207
TW,HUA-LIEN KANG,23.983333,121.6,13384287.068854792
TH,PHUKET,7.833333,98.4,13626000.474125743
TH,KANTANG HARBOR,7.4,99.516667,13744782.853069643
VN,QUI NHON,13.766667,109.233333,13833887.217777422
VN,THANH HOA,10.816667,106.766667,13953445.316061586
VN,THANH HO CHI MINH,10.766667,106.716667,13954742.785978334
MY,PULAU PINANG,5.416667,100.35,13969495.104434513
ID,BELAWAN,3.783333,98.683333,13973253.899634086
PH,PORT SAN VICENTE,18.516667,122.133333,13975641.858549239
VN,VUNG TAU,10.35,107.066667,14014708.090152068
VN,MUI VUNG TAU,10.316667,107.066667,14017711.413129454
PH,SAN FERNANDO HARBOR,16.616667,120.316667,14103796.104851326
PH,MANILA,14.583333,120.966667,14339464.106172841
MY,PELABUHAN SUNGAI UDANG,2.25,102.133333,14361886.246052705
SG,JURONG ISLAND,1.283333,103.733333,14561852.628019219
SG,PULAU BUKOM,1.233333,103.766667,14568448.973472985
SG,KEPPEL - (EAST SINGAPORE),1.283333,103.85,14570664.880651297
MH,MAJURO ATOLL,7.083333,171.383333,14572952.164882531
SG,PULAU SEBAROK,1.2,103.8,14573686.436058395
PH,PORT ROMBLON,12.583333,122.266667,14598102.129369209
PH,MASBATE,12.366667,123.616667,14672622.819235178
PH,CATBALOGAN,11.766667,124.883333,14781573.191230636
ID,SUNGAIGERONG,-2.983333,104.833333,14988834.22352514
MY,BINTULU PORT,3.266667,113.066667,15039818.642798461
PH,PORT OZAMIS,8.133333,123.85,15121993.72154584
FM,LELE HARBOR,5.333333,163.033333,15211384.291101908
MY,TAWA,4.25,117.883333,15229899.07168881
PH,DAVAO,7.066667,125.616667,15301349.465220731
ID,JAKARTA,-6.1,106.883333,15394039.253623517
PW,MALAKAL HARBOR,7.333333,134.45,15514755.965612471
ID,CIREBON,-6.716667,108.566667,15574809.957971314
ID,CILACAP,-7.733333,109.0,15688161.461558143
ID,BALIKPAPAN,-1.25,116.816667,15689381.524583258
ID,SEMARANG,-6.95,110.416667,15736717.508221295
ID,SURABAYA,-7.2,112.733333,15931944.172345674
FJ,SUVA HARBOR,-18.133333,178.416667,15979668.06890896
ID,TG. SORONG,-0.883333,131.233333,16333255.479961976
PG,KAVIENG HARBOR,-2.583333,150.8,16531882.151007021
PG,LORENGAU,-2.016667,147.266667,16556396.384874521
PG,RABAUL,-4.2,152.183333,16658989.129794756
ID,WAINGAPU,-9.633333,120.216667,16667446.296676289
VU,LUGANVILLE,-15.516667,167.166667,16788437.082213387
NZ,TAURANGA,-37.633333,176.166667,16813492.363955688
NZ,WANGANUI,-39.95,175.033333,16902967.717912834
NZ,WELLINGTON,-41.283333,174.783333,16908910.780894369
ID,KUPANG,-10.166667,123.583333,16929014.698252391
NZ,MANUKAU HARBOR,-36.933333,174.783333,16934761.518320553
NZ,AUCKLAND,-36.85,174.766667,16936058.642212205
NZ,NEW PLYMOUTH,-39.066667,174.033333,16995417.501925066
NZ,WHANGAROA,-35.05,173.766667,17016594.693464708
NZ,NELSON,-41.266667,173.266667,17034731.862151656
AU,ONSLOW,-21.65,115.1,17161496.171468124
AU,DAMPIER,-20.633333,116.716667,17242806.008535605
AU,FREMANTLE,-32.05,115.75,17620063.658137258
AU,GLADSTONE,-23.85,151.25,18638005.0081409
AU,BRISBANE,-27.466667,153.033333,18749654.847606506
AU,HOBART,-42.883333,147.333333,18756355.802948892
AU,LAUNCESTON,-41.45,147.116667,18905311.207712296
AU,BEAUTY POINT,-41.15,146.816667,18946666.719117172
AU,NEWCASTLE,-32.916667,151.783333,19034102.28922414
AU,BOTANY BAY,-34.0,151.233333,19078982.883996256
AU,SYDNEY,-33.866667,151.2,19083668.03040177
AU,THEVENARD,-32.166667,133.65,19295849.9222032
AU,MELBOURNE,-37.833333,144.966667,19345545.427642755
AU,PORT ADELAIDE,-34.85,138.5,19656354.812829509